id,categorie,title,description,price,picture
1,Men,Berber Warm Jacket,Berber Culture makes it easy to find the most comfortable berber clothing in our store Our collection of warm moroccan wool features are the oldest designs and the best classic fashion that you need in your closet.,€151.56,https://i.pinimg.com/564x/77/df/66/77df66cfb979087e2b931b9463678c9d.jpg
2,Men,London Trip Men Unisex Pullover Top,London Hoodie London England London Vacation London Trip Men Unisex Pullover Top Hoodies & Sweatshirts 60 % Polyester 40% Cotton Regular Fit T-Shirts Sweatshirt & Hoodies,€27.78,https://i.pinimg.com/564x/7f/0c/a3/7f0ca3fbc82d849bdd252353dd36270a.jpg
3,Men,New ! Men's kimono jacket,This kimono jacket will give a sophisticated style to any piece of denim outfit or linen-type pants. For a simpler but chic look,€59.00,https://i.pinimg.com/564x/1f/c9/4f/1fc94fa5feb067ab22da5ecf4b06f425.jpg
4,Men,1964 60th Birthday tshirt,This comfortable cotton t shirt is the perfect blend of humor and nostalgia for the legendary 60-year-old in your life,€21.93,https://i.pinimg.com/564x/93/d2/95/93d2950c5ac336dbb019789099141e80.jpg
5,Women,Two Side Total Solar Eclipse 2024 Shirt,Two Side Total Solar Eclipse 2024 Shirt April 8th 2024 Shirt Astronomy Gift Friends Group Shirt Solar Eclipse Family Souvenir T-Shirt,€9.78,https://i.pinimg.com/564x/e9/e7/e9/e9e7e9f02c34d919ccfe05384a3b4e4d.jpg
6,Women,Stylish women's t-shirt,If you are looking for the centerpiece of your wardrobe then this is a t-shirt that you absolutely must have. An elegant t-shirt,€27.80,https://i.pinimg.com/736x/66/79/6f/66796f58ac6d153b2e087d4d28244099.jpg
7,Women,Total Solar Eclipse 2024 Funny Shirt,No matter the title our designs can be printed on t-shirts sweatshirts hoodies or tank tops. Just make sure to pick the right garment type from the size dropdown menu,€14.56,https://i.pinimg.com/564x/a9/00/bb/a900bb7bad5ccd096350a5b91d5da566.jpg
8,Women,Adventure Begins At The Library Shirt,Adventure Begins At The Library Shirt Book Lover Shirt Reading Shirt Lirarian Shirt Bookish Shirt Summer Reading 2024 Shirt,€23.54,https://i.pinimg.com/564x/fa/18/d0/fa18d0b3f82359994cf7e7c3b8302ca9.jpg
9,Children,Summer Children's Clothes Boys Sports Sets,Enjoy summer with this two-piece boys' t-shirt suit consisting of a thin breathable and quick-drying top and shorts,€23.99,https://i.pinimg.com/564x/91/13/f1/9113f1f80a44b598b2cdb6c208bd0929.jpg
10,Children,Pig Milk Silk Flutter Dress,Oink Oink!! Made out of Milk Silk which is 95% Cotton and 5% Spandex not only is this dress ultra comfortable but it is also Wrinkle Free!,€22.08,https://i.pinimg.com/564x/98/49/fb/9849fb111c46b5be15a4c4536cbea4a1.jpg
11,Children,Girls Gingerbread Christmas Dress,✓ We Present A Simple and Elegant Dress! It is a cream one-piece dress in white cotton fabric with shirt-like white sleeves.,€122.09,https://i.pinimg.com/736x/f1/80/23/f1802365f0fe624637e3d9c9936025b0.jpg
12,Children,Boys linen vest and linen trousers set,Boys linen outfit Page boy vest and linen pants set Baptism linen clothes (size 1 - 10 years),€78.00,https://i.pinimg.com/736x/cc/c3/42/ccc342da26705004b78c7480009379c7.jpg